code,iso_n3,country,population
us,840,United States,340000000
fr,250,France,68600000
de,276,Germany,83500000
be,56,Belgium,11800000
gb,826,United Kingdom,69100000
nl,528,Netherlands,18200000
br,76,Brazil,212000000
es,724,Spain,48800000
se,752,Sweden,10600000
ca,124,Canada,41500000
no,578,Norway,5600000
jp,392,Japan,123500000
au,36,Australia,27200000
it,380,Italy,58900000
dk,208,Denmark,5980000
ch,756,Switzerland,8900000
fi,246,Finland,5620000
mx,484,Mexico,131000000
hu,348,Hungary,9600000
pl,616,Poland,36700000
bg,100,Bulgaria,6400000
pt,620,Portugal,10600000
at,40,Austria,9200000
hr,191,Croatia,3850000
in,356,India,1450000000
ar,32,Argentina,45800000
ph,608,Philippines,116000000
gr,300,Greece,10400000
za,710,South Africa,63000000
cl,152,Chile,19800000
co,170,Colombia,52900000
eg,818,Egypt,116000000
id,360,Indonesia,283000000
tr,792,Turkey,85700000
ru,643,Russia,144000000
cn,156,China,1416000000
kr,410,South Korea,51700000
nz,554,New Zealand,5250000
ie,372,Ireland,5400000
cz,203,Czechia,10900000
