year,category,units
2020,Children's comic strip fiction and graphic novels,331387
2020,Graphic novels: general,143192
2020,Graphic novels: non-fiction and literary,20504
2021,Children's comic strip fiction and graphic novels,604436
2021,Graphic novels: general,188028
2021,Graphic novels: non-fiction and literary,32504
2022,Children's comic strip fiction and graphic novels,1097891
2022,Graphic novels: general,204556
2022,Graphic novels: non-fiction and literary,38836
2023,Children's comic strip fiction and graphic novels,1094542
2023,Graphic novels: general,256543
2023,Graphic novels: non-fiction and literary,29769
