code,iso_n3,country,population,lat,lon
us,840,United States,340000000,39.8,-98.6
fr,250,France,68600000,46.6,2.4
de,276,Germany,83500000,51.2,10.4
be,56,Belgium,11800000,50.6,4.6
gb,826,United Kingdom,69100000,54.0,-2.5
nl,528,Netherlands,18200000,52.2,5.5
br,76,Brazil,212000000,-10.8,-52.9
es,724,Spain,48800000,40.2,-3.6
se,752,Sweden,10600000,62.0,15.0
ca,124,Canada,41500000,56.1,-106.3
no,578,Norway,5600000,61.4,8.8
jp,392,Japan,123500000,36.2,138.3
au,36,Australia,27200000,-25.3,134.5
it,380,Italy,58900000,42.8,12.6
dk,208,Denmark,5980000,56.0,10.0
ch,756,Switzerland,8900000,46.8,8.2
fi,246,Finland,5620000,64.5,26.0
mx,484,Mexico,131000000,23.6,-102.6
hu,348,Hungary,9600000,47.2,19.5
pl,616,Poland,36700000,52.1,19.4
bg,100,Bulgaria,6400000,42.7,25.5
pt,620,Portugal,10600000,39.6,-8.0
at,40,Austria,9200000,47.6,14.1
hr,191,Croatia,3850000,45.1,15.2
in,356,India,1450000000,22.9,79.0
ar,32,Argentina,45800000,-34.6,-64.0
ph,608,Philippines,116000000,12.9,121.8
gr,300,Greece,10400000,39.1,22.0
za,710,South Africa,63000000,-29.0,24.7
cl,152,Chile,19800000,-35.7,-71.5
co,170,Colombia,52900000,4.6,-74.1
eg,818,Egypt,116000000,26.8,30.8
id,360,Indonesia,283000000,-2.5,118.0
tr,792,Turkey,85700000,39.0,35.2
ru,643,Russia,144000000,61.5,96.0
cn,156,China,1416000000,35.9,104.2
kr,410,South Korea,51700000,36.5,127.9
nz,554,New Zealand,5250000,-41.8,172.8
ie,372,Ireland,5400000,53.4,-8.2
cz,203,Czechia,10900000,49.8,15.5
yu,890,Yugoslavia (1918-1991),,44.0,20.5
