iso_n3,code,country,issues,series,population,issues_per_million
840,us,United States,607252,90320,340000000,1786.0
250,fr,France,218100,36073,68600000,3179.3
276,de,Germany,165322,24783,83500000,1979.9
56,be,Belgium,63306,8797,11800000,5364.9
826,gb,United Kingdom,215890,8773,69100000,3124.3
528,nl,Netherlands,64129,8015,18200000,3523.6
76,br,Brazil,75227,6365,212000000,354.8
724,es,Spain,124024,5788,48800000,2541.5
752,se,Sweden,64520,5189,10600000,6086.8
124,ca,Canada,19748,4426,41500000,475.9
578,no,Norway,59587,4425,5600000,10640.5
392,jp,Japan,138194,3692,123500000,1119.0
36,au,Australia,34625,3394,27200000,1273.0
380,it,Italy,121821,3186,58900000,2068.3
208,dk,Denmark,34847,2290,5980000,5827.3
756,ch,Switzerland,11844,2281,8900000,1330.8
246,fi,Finland,28464,1933,5620000,5064.8
484,mx,Mexico,155250,1281,131000000,1185.1
348,hu,Hungary,6479,1156,9600000,674.9
616,pl,Poland,6805,885,36700000,185.4
100,bg,Bulgaria,3874,674,6400000,605.3
620,pt,Portugal,24317,641,10600000,2294.1
40,at,Austria,5683,515,9200000,617.7
191,hr,Croatia,7184,489,3850000,1866.0
356,in,India,17466,453,1450000000,12.0
32,ar,Argentina,32118,318,45800000,701.3
608,ph,Philippines,21636,263,116000000,186.5
300,gr,Greece,11223,244,10400000,1079.1
710,za,South Africa,3192,231,63000000,50.7
152,cl,Chile,13500,126,19800000,681.8
170,co,Colombia,16540,155,52900000,312.7
818,eg,Egypt,10638,57,116000000,91.7
360,id,Indonesia,3322,50,283000000,11.7
792,tr,Turkey,4482,87,85700000,52.3
643,ru,Russia,1269,77,144000000,8.8
156,cn,China,789,76,1416000000,0.6
410,kr,South Korea,732,66,51700000,14.2
554,nz,New Zealand,1851,138,5250000,352.6
372,ie,Ireland,146,71,5400000,27.0
203,cz,Czechia,1096,86,10900000,100.6
